Vodoinstalater,Cijevi,Aquaterm,Aquaterm cijevi,aquaterm
Vodoinstalater,Cijevi,Bakrene,Bakrene cijevi,bakrene
Vodoinstalater,Cijevi,Pexifit,Pexifit cijevi,pexifit
Vodoinstalater,Cijevi,Pocinčane,Pocinčane cijevi,pocinčane
Vodoinstalater,Odvodi,PVC,PVC odvodi,pvc
Vodoinstalater,Odštopavanje,Strojno,Strojno odštopavanje,strojno
Vodoinstalater,Pipe,Jednoručne,Jednoručne pipe,jednoručne
Vodoinstalater,Pipe,Dvoručne,Dvoručne pipe,dvoručne
Vodoinstalater,Umivaonici,Stojeći,Stojeći umivaonici,stojeći
Vodoinstalater,Umivaonici,Zidni,Zidni umivaonici,zidni
Vodoinstalater,Umivaonici,Konzolni,Konzolni umivaonici,konzolni
Vodoinstalater,Umivaonici,Ugradbeni,Ugradbeni umivaonici,ugradbeni
Vodoinstalater,Umivaonici,Poluugradbeni,Poluugradbeni umivaonici,poluugradbeni
Vodoinstalater,Vodokotlići,Ugradbeni,Ugradbeni vodokotlići,ugradbeni
Vodoinstalater,Vodokotlići,Vanjski,Vanjski vodokotlići,vanjski
Vodoinstalater,Kade,Plastične,Plastične kade,plastične
Vodoinstalater,Kade,Čelične,Čelične kade,čelične
Vodoinstalater,Kade,Poliakrilne,Poliakrilne kade,poliakrilne
Električar,Rasvjeta,LED,LED rasvjeta,led
Električar,Rasvjeta,HAL,HAL rasvjeta,hal
Električar,Rasvjeta,Javna,Javna rasvjeta,javna
Instalater grijanja,Konvektori,Ventilokonvektori,Ventilokonvektori,ventilokonvektori
Instalater grijanja,Konvektori,Električni,Električni konvektori,električni
Roletar,Rolete,Drvene,Drvene rolete,drvo;drvena;drvene
Roletar,Rolete,ALU,ALU rolete,alu
Roletar,Rolete,PVC,PVC rolete,pvc
Roletar,Vrata,Rolo,Rolo vrata,rolo
Roletar,Vrata,Segmentna,Segmentna vrata,segmentna
Roletar,Vrata,Rešetkasta,Rešetkasta vrata,rešetkasta
Roletar,Vrata,Harmo,Harmo vrata,harmo