PVC Stolarija,Vrata,PVC vrata,vrata
Stolar,Prozori,Drveni prozori,drveni;prozori
Stolar,Vrata,Drvena vrata,drvena;vrata
Vodoinstalater,Bidei,Bidei,bidei
Vodoinstalater,Cijevi,Cijevi,cijevi
Vodoinstalater,Fitunzi,Fitunzi,fitung;fitunzi
Vodoinstalater,Izljevi,Izljevi,izljevi
Vodoinstalater,Kade,Kade,kada;kade
Vodoinstalater,Kanalizacija,Kanalizacija,kanalizacija;kanalizacije
Vodoinstalater,Odštopavanje,Odštopavanje,odštopavanje;odštopavanja
Vodoinstalater,Odvodi,Odvodi,odvodi
Vodoinstalater,Pipe,Pipe,pipa;pipe
Vodoinstalater,Pisoari,Pisoari,pisoari
Vodoinstalater,Pumpe,Pumpe,pumpa;pumpe
Vodoinstalater,Sifoni,Sifoni,sifoni
Vodoinstalater,Slavine,Slavine,slavina;slavine
Vodoinstalater,Slivnici,Slivnici,slivnik;slivnici
Vodoinstalater,Sudoperi,Sudoperi,sudoperi
Vodoinstalater,Tuškade i tuš kabine,Tuškade i tuš kabine,tuškada;tuškade;tuš;kada;kade;kabina;kabine
Vodoinstalater,Umivaonici,Umivaonici,umivaonici
Vodoinstalater,Ventili,Ventili,ventili
Vodoinstalater,Vodokotlići,Vodokotlići,vodokotlići
Vodoinstalater,WC školjke,WC školjke,wc;školjka;školjke
Vodoinstalater,Ispiranje,Ispiranje,ispiranje
Vodoinstalater,Čišćenje,Čišćenje,čišćenje
Vodoinstalater,Detekcija puknuća cijevi,Detekcija puknuća cijevi,detekcija;detekcije;puknuće;puknuća;cijevi
Vodoinstalater,Tuševi,Tuševi,tuš;tuševi
Vodoinstalater,Snimanje odvodnih cijevi,Snimanje odvodnih cijevi,snimanje;snimanja;odvodnih;odvodne;cijevi
Vodoinstalater,Šahtovi,Šahtovi,šahtovi
Električar,Jaka struja,Jaka struja,jaka;struja
Električar,Slaba struja,Slaba struja,slaba;struja
Električar,Utikači,Utikači,utikači
Električar,Utičnice,Utičnice,utičnice
Električar,Kablovi,Kablovi,kabel;kabao;kablovi
Električar,Prekidači,Prekidači,prekidači;sklopka;sklopke
Električar,Rasvjetna tijela,Rasvjetna tijela,rasvjetna;tijela
Električar,Elektro-ormarić,Elektro-ormarić,elektro;ormarić
Električar,Proračun potrošnje struje,Proračun potrošnje struje,proračun;potrošnje;potrošnja;struja;struje
Električar,Razvodne kutije,Razvodne kutije,razvodne;kutije
Električar,Vodovi,Vodovi,vodovi
Električar,Mjerenje napona,Mjerenje napona,mjerenje;mjerenja;napona;naponi
Električar,Pregled ispravnosti,Pregled ispravnosti,pregled;ispravnosti
Električar,Telefoni,Telefoni,telefoni
Električar,Mreže,Mreže,mreže
Električar,Ozvučenja,Ozvučenja,ozvučenja
Električar,Alarmi,Alarmi,alarmi
Električar,Gromobrani,Gromobrani,gromobrani
Električar,Izjednačenja potencijala,Izjednačenja potencijala,izjednačenje;izjednačenja;potencijala
Električar,Atestiranja,Atestiranja,atestiranje;atestiranja
Električar,Ožičenja,Ožičenja,ožičenja;ožičenje
Električar,Rasvjeta,Rasvjeta,rasvjeta
Električar,Portafoni,Portafoni,portafoni
Električar,Protupožarni sustavi,Protupožarni sustavi,protupožarni;sustavi
Električar,Podzemni provodnici,Podzemni provodnici,podzemni;provodnik;provodnici
Električar,Gornji provodnici,Gornji provodnici,gornji;provodnik;provodnici
Električar,Industrijske instalacije,Industrijske instalacije,industrijska;industrijske;instalacija;instalacije
Dimnjačar,Dimnjaci,Dimnjaci,dimnjak;dimnjaci
Dimnjačar,Video snimanje unutrašnjosti dimnjaka,Video snimanje unutrašnjosti dimnjaka,video;snimanje;unutrašnjosti;dimnjaka;dimnjaci
Dimnjačar,Ventilacije,Ventilacije,ventilacija;ventilacije
Dimnjačar,Kotlovi,Kotlovi,kotao;kotlovi
Dimnjačar,Ložišta,Ložišta,ložište;ložišta
Dimnjačar,Dimovodni kanali,Dimovodni kanali,dimovodni;kanali
Dimnjačar,Sabirači čađe,Sabirači čađe,sabirači;čađa;čađi;čađe
Dimnjačar,Priključne cijevi,Priključne cijevi,priključna;priključne;cijevi
Dimnjačar,Kontrola zagađenja okoliša,Kontrola zagađenja okoliša,kontrola;zagađenje;zagađenja;okoliša
Sanitarna zaštita,Dezinsekcija,Dezinsekcija,dezinsekcija
Sanitarna zaštita,Dezinfekcija,Dezinfekcija,dezinfekcija
Sanitarna zaštita,Dezodoracija,Dezodoracija,dezodoracija
Sanitarna zaštita,Deratizacija,Deratizacija,deratizacija
Sanitarna zaštita,Degazacija,Degazacija,degazacija
Sanitarna zaštita,Dekontaminacija,Dekontaminacija,dekontaminacija
Sanitarna zaštita,Depedikulacija,Depedikulacija,depedikulacija
Sanitarna zaštita,Zaštita ukrasnog bilja,Zaštita ukrasnog bilja,zaštita;ukrasnog;bilja;bilje
Sanitarna zaštita,Zaštita šumskih površina,Zaštita šumskih površina,zaštita;šumske;šumskih;površina;površine
Sanitarna zaštita,Zaštita vodenih površina,Zaštita vodenih površina,zaštita;vodene;vodenih;površina;površine
Sanitarna zaštita,Zaštita kopnenih površina,Zaštita kopnenih površina,zaštita;kopnene;kopnenih;površina;površine
Sanitarna zaštita,Suzbijanje insekata,Suzbijanje insekata,suzbijanje;insekt;insekata
Sanitarna zaštita,Suzbijanje glodavaca,Suzbijanje glodavaca,suzbijanje;glodavaca
Sanitarna zaštita,Suzbijanje molestanata,Suzbijanje molestanata,suzbijanje;molestanata
Sanitarna zaštita,Zaštita od ptica,Zaštita od ptica,zaštita;od;ptica;ptice
Sanitarna zaštita,Zaštita od zmija,Zaštita od zmija,zaštita;od;zmija;zmije
Sanitarna zaštita,Fumigacija,Fumigacija,fumigacija;fumigacije
Sanitarna zaštita,Deviperizacija,Deviperizacija,deviperizacija;deviperizacije
Bravar,Protuprovalne brave,Protuprovalne brave,protuprovalna;protuprovalne;brava;brave
Bravar,Klasične brave,Klasične brave,klasične;klasična;brava;brave
Bravar,Automobilske brave,Automobilske brave,automobilska;automobilske;brava;brave
Bravar,Dekodiranje,Dekodiranje,dekodiranje
Bravar,Deblokiranje,Deblokiranje,deblokiranje
Bravar,Sefovi,Sefovi,sefovi
Bravar,Blagajne,Blagajne,blagajna;blagajne
Bravar,Sigurnosni ormari,Sigurnosni ormari,sigurnosni;ormari
Bravar,Kodiranje,Kodiranje,kodiranje
Bravar,Cilindri,Cilindri,cilindar;cilindri
Bravar,Ključevi,Ključevi,ključevi
Bravar,Okovi,Okovi,okovi
Bravar,Ulošci,Ulošci,uložak;ulošci
Bravar,Hidraulički zatvarači,Hidraulički zatvarači,hidraulički;zatvarači
Bravar,Elektroprihvatnici,Elektroprihvatnici,elektroprihvatnik;elektroprihvatnici
Bravar,Poštanski ormarić,Poštanski ormarić,poštanski;ormarić
Bravar,Zasuni,Zasuni,zasuni
Bravar,Kvake,Kvake,kvaka;kvake
Bravar,Lokoti,Lokoti,lokoti
Drvotokar,Drvene ograde,Drvene ograde,drvena;drvene;ograda;ograde
Drvotokar,Nogari,Nogari,nogari
Drvotokar,Drveni nosači,Drveni nosači,drveni;nosači
Drvotokar,Suveniri,Suveniri,suveniri
Drvotokar,Svijećnjaci,Svijećnjaci,svijećnjak;svijećnjaci
Gipsar,Spušteni stropovi,Spušteni stropovi,spušteni;stropovi;plafoni
Gipsar,Pregradni zidovi,Pregradni zidovi,pregradni;zidovi
Gipsar,Adaptacija potkrovlja,Adaptacija potkrovlja,adaptacija;adaptacije;potkrovlje;potkrovlja
Gipsar,Adaptacija poslovnog i stambenog prostora,Adaptacija poslovnog i stambenog prostora,adaptacija;adaptacije;poslovni;poslovnog;stambeni;stambenog;prostora
Gipsar,Restauracija,Restauracija,restauracija
Gipsar,Lukovi,Lukovi,lukovi
Gipsar,Stupovi,Stupovi,stupovi
Gipsar,Kaskade,Kaskade,kaskade
Gipsar,Knauf,Knauf,knauf
Instalater grijanja,Radijatori,Radijatori,radijatori
Instalater grijanja,Centralno grijanje,Centralno grijanje,centralna;centralno;grijanja;grijanje
Instalater grijanja,Plinsko grijanje,Plinsko grijanje,plinsko;plinska;grijanja;grijanje
Instalater grijanja,Električno grijanje,Električno grijanje,električna;Električno;grijanja;grijanje
Instalater grijanja,Kotlovi,Kotlovi,kotao;kotlovi
Instalater grijanja,Crpke,Crpke,crpka;crpke
Instalater grijanja,Cijevi,Cijevi,cijevi
Instalater grijanja,Podno grijanje,Podno grijanje,podna;podno;grijanja;grijanje
Instalater grijanja,Solarno grijanje,Solarno grijanje,solarna;solarno;grijanja;grijanje
Instalater grijanja,Zidno grijanje,Zidno grijanje,zidna;zidno;grijanja;grijanje
Instalater grijanja,Konvektori,Konvektori,konvektori
Instalater grijanja,Bojleri,Bojleri,bojleri
Instalater grijanja,Plamenici,Plamenici,plamenik;plamenici
Instalater grijanja,Armatura za grijanje,Armatura za grijanje,armatura;za;grijanja;grijanje
Instalater grijanja,Grijalice,Grijalice,grijalica;grijalice;grijači
Instalater klimatizacije i hlađenja,Klima uređaji,Klima uređaji,klima;uređaji
Instalater klimatizacije i hlađenja,Ventilacija,Ventilacija,ventilacija;ventilacije
Instalater klimatizacije i hlađenja,Kompresori,Kompresori,kompresori
Instalater klimatizacije i hlađenja,Vodena magla,Vodena magla,vodena;magla
Instalater klimatizacije i hlađenja,Kondenzacijske jedinice,Kondenzacijske jedinice,kondenzacijska;kondenzacijske;jedinica;jedinice
Instalater klimatizacije i hlađenja,Regulacijske komponente,Regulacijske komponente,regulacijska;regulacijske;komponenta;komponente
Instalater klimatizacije i hlađenja,Linijske komponente,Linijske komponente,linijska;linijske;komponenta;komponente
Instalater klimatizacije i hlađenja,Elektronički upravljači,Elektronički upravljači,elektronički;upravljači
Instalater klimatizacije i hlađenja,Industrijsko hlađenje,Industrijsko hlađenje,industrijska;industrijsko;hlađenja;hlađenje
Instalater klimatizacije i hlađenja,Indirektno hlađenje,Indirektno hlađenje,indirektno;hlađenja;hlađenje
Plinoinstalater,Priklučenje na plinsku mrežu,Priklučenje na plinsku mrežu,priklučenja;priklučenje;na;plinska;plinsku;mreža;mrežu
Plinoinstalater,Štednjaci,Štednjaci,štednjak;štednjaci
Plinoinstalater,Bojleri,Bojleri,bojleri
Plinoinstalater,Peći,Peći,peći
Plinoinstalater,Plinomjeri,Plinomjeri,plinomjeri
Plinoinstalater,Ventili,Ventili,ventili
Plinoinstalater,Ormarići,Ormarići,ormarići
Plinoinstalater,Filteri,Filteri,filteri
Plinoinstalater,Plinske boce,Plinske boce,plinska;plinske;boca;boce
Plinoinstalater,Regulatori tlaka,Regulatori tlaka,regulatori;tlaka
Staklar,Pjeskarenje,Pjeskarenje,pjeskarenje
Staklar,Savijanje,Savijanje,savijanje
Staklar,Okviri,Okviri,okviri
Staklar,Fazetiranje,Fazetiranje,fazetiranje
Staklar,Flot ,Flot ,flot 
Staklar,Parsol ,Parsol ,parsol 
Staklar,Stopsol ,Stopsol ,stopsol 
Staklar,Ornament,Ornament,ornament
Staklar,Žičano staklo ,Žičano staklo ,žičana;žičano;stakla;staklo
Staklar,Kopilit ,Kopilit ,kopilit 
Staklar,Izo staklo ,Izo staklo ,izo;stakla;staklo
Staklar,Kaljeno staklo ,Kaljeno staklo ,kaljena;kaljeno;stakla;staklo 
Staklar,Ogledala,Ogledala,ogledala;ogledalo
Staklar,Fuzija,Fuzija,fuzija
Staklar,Bušenje,Bušenje,bušenje
Staklar,Brušenje,Brušenje,brušenje
Staklar,Rezanje,Rezanje,rezanje
Staklar,Akvarij,Akvarij,akvarij
Staklar,Izlog,Izlog,izlog
Staklar,Balkon,Balkon,balkon
Staklar,Termopan,Termopan,termopan
Roletar,Rolete,Rolete,roleta;rolete
Roletar,Zavjese,Zavjese,zavjesa;zavjese
Roletar,Žaluzine,Žaluzine,žaluzina;žaluzine
Roletar,Komarnici,Komarnici,komarnik;komarnici
Roletar,Tende,Tende,tenda;tende
Roletar,Brisoleji,Brisoleji,brisoleji
Roletar,Venecijaneri,Venecijaneri,venecijaneri
Roletar,Vrata,Vrata,vrata