Plumber,Pipe,Aquaterm,Aquaterm pipes,aquaterm,,
Plumber,Pipe,Copper,Copper pipes,copper,,
Plumber,Pipe,Pexifit,Pexifit pipes,pexifit,,
Plumber,Pipe,Galvanized,Galvanized pipes,galvanized,,
Plumber,Drains,PVC,PVC conduits,,,
Plumber,Unclogging,Unclogging,Unclogging,,,
Plumber,Pipe,Single,Single pipe,single,,
Plumber,Pipe,Twin,Twin pipe,twin,,
Plumber,Sinks,Standing,Standing sinks,standing,,
Plumber,Basins,Wall,Wall sinks,wall,,
Plumber,Sinks,Console,Console sinks,cantilevered,,
Plumber,Sinks,Build,Build sinks,built-in,,
Plumber,cisterns,Cisterns,,,,
Plumber,Tubs,Plastic,Plastic tubs,plastic,,
Plumber,Baths,Steel,Steel trays,steel,,
Plumber,Bathtubs,Polyacrylic,Polyacrylic bathtubs,polyacrylic,,
Electrician,Lighting,LED,LED lighting,LED,,
Electrician,Lighting,HAL,HAL lighting,hal,,
Electrician,Lighting,Public,Public lighting,public,,
Heating installer,convector,Electric,Electric convectors,electric,,
Blinds and shutters,blinds,Wooden,Wooden blinds,wood,wooden,wooden
Blinds and shutters,blinds,Aluminium,Aluminum shutters,aluminum,,
Blinds and shutters,blinds,PVC,PVC blinds,pvc,,
Blinds and shutters,doors,Shutters,Rolling shutters,rolling,,
Blinds and shutters,doors,Sectional,Sectional doors,sectional,,
Blinds and shutters,doors,Lattice,Lattice doors,latticed,,
Blinds and shutters,doors,Folding,Folding doors,folding,,